Date,Adj Close,Close,High,Low,Open,Volume
,HCA,HCA,HCA,HCA,HCA,HCA
2025-01-02,295.094482421875,297.75,303.8599853515625,297.3299865722656,302.8900146484375,962600
2025-01-03,294.05389404296875,296.70001220703125,298.2799987792969,289.9800109863281,297.75,1260000
2025-01-06,294.27191162109375,296.9200134277344,301.9700012207031,296.010009765625,297.7200012207031,1440900
2025-01-07,305.461181640625,308.2099914550781,308.7799987792969,300.5,300.5199890136719,1724600
2025-01-08,308.4740905761719,311.25,314.5,303.80999755859375,308.04998779296875,1995200
2025-01-10,300.1192932128906,302.82000732421875,314.4700012207031,300.510009765625,309.0,2417600
2025-01-13,305.4314270019531,308.17999267578125,308.4599914550781,301.6400146484375,302.7200012207031,1406700
2025-01-14,303.06280517578125,305.7900085449219,307.3999938964844,300.1600036621094,306.0,1055600
2025-01-15,303.5186767578125,306.25,310.0,303.92999267578125,308.7699890136719,1235700
2025-01-16,306.68023681640625,309.44000244140625,310.7300109863281,304.05999755859375,306.0199890136719,767800
2025-01-17,307.6812744140625,310.45001220703125,312.9100036621094,308.489990234375,310.8999938964844,1206600
2025-01-21,315.6296691894531,318.4700012207031,319.7099914550781,312.0899963378906,312.2099914550781,1846000
2025-01-22,316.6604309082031,319.510009765625,321.2200012207031,311.4200134277344,318.239990234375,2376900
2025-01-23,322.4582214355469,325.3599853515625,326.79998779296875,320.3800048828125,324.1199951171875,2915800
2025-01-24,310.2778625488281,313.07000732421875,325.9800109863281,309.0,323.92999267578125,3031300
2025-01-27,329.0390319824219,332.0,332.6600036621094,313.489990234375,316.25,2805800
2025-01-28,325.76849365234375,328.70001220703125,334.04998779296875,323.32000732421875,333.05999755859375,2498600
2025-01-29,324.6980895996094,327.6199951171875,330.8500061035156,324.7699890136719,328.70001220703125,1142200
2025-01-30,331.6257019042969,334.6099853515625,337.6700134277344,328.75,329.32000732421875,1201700
2025-01-31,326.9676818847656,329.9100036621094,336.05999755859375,329.8800048828125,334.0400085449219,1254800
2025-02-03,331.3185119628906,334.29998779296875,340.17999267578125,324.2699890136719,324.8299865722656,1532200
2025-02-04,331.81402587890625,334.79998779296875,335.70001220703125,330.2200012207031,330.2200012207031,1133100
2025-02-05,333.825927734375,336.8299865722656,338.0,334.42999267578125,337.5,951400
2025-02-06,321.6356506347656,324.5299987792969,339.25,320.0,336.8299865722656,2209200
2025-02-07,319.1777648925781,322.04998779296875,328.5400085449219,321.2099914550781,325.7099914550781,1530000
2025-02-10,315.4216003417969,318.260009765625,324.0,309.45001220703125,322.6199951171875,1632400
2025-02-11,320.8428039550781,323.7300109863281,324.04998779296875,317.260009765625,317.260009765625,1419200
2025-02-12,309.593994140625,312.3800048828125,322.17999267578125,310.32000732421875,320.2300109863281,1972100
2025-02-13,319.0489501953125,321.9200134277344,322.82000732421875,313.0799865722656,314.4800109863281,1715000
2025-02-14,313.38983154296875,316.2099914550781,325.80999755859375,315.94000244140625,322.0,1451600
2025-02-18,313.8854064941406,316.7099914550781,320.3399963378906,314.2900085449219,318.0799865722656,1084500
2025-02-19,317.7010498046875,320.55999755859375,323.75,315.54998779296875,315.9800109863281,1738400
2025-02-20,318.6326904296875,321.5,325.3299865722656,319.7099914550781,320.1000061035156,1545500
2025-02-21,313.5980224609375,316.4200134277344,322.6199951171875,315.1199951171875,319.0400085449219,1638400
2025-02-24,316.7198791503906,319.57000732421875,321.0,316.510009765625,318.95001220703125,1488400
2025-02-25,330.0994873046875,333.07000732421875,333.3399963378906,320.1700134277344,320.9800109863281,2908600
2025-02-26,317.0568542480469,319.9100036621094,334.19000244140625,315.54998779296875,333.07000732421875,2109600
2025-02-27,318.0776672363281,320.94000244140625,329.0199890136719,319.8699951171875,321.67999267578125,1788600
2025-02-28,303.5682678222656,306.29998779296875,309.0799865722656,295.0,304.0,3469100
2025-03-03,308.5038146972656,311.2799987792969,312.3399963378906,307.3999938964844,308.67999267578125,1413600
2025-03-04,309.26690673828125,312.04998779296875,315.04998779296875,310.3599853515625,311.5299987792969,1321100
2025-03-05,316.77935791015625,319.6300048828125,321.0400085449219,311.0,311.0,1324300
2025-03-06,318.8804626464844,321.75,322.67999267578125,317.3800048828125,319.6199951171875,1512500
2025-03-07,327.2055358886719,330.1499938964844,332.510009765625,319.1700134277344,320.8599853515625,1869000
2025-03-10,333.16192626953125,336.1600036621094,346.6199951171875,329.57000732421875,330.17999267578125,2674900
2025-03-11,320.6643981933594,323.54998779296875,338.95001220703125,318.6199951171875,336.07000732421875,2126200
2025-03-12,310.07965087890625,312.8699951171875,322.8900146484375,310.17999267578125,321.55999755859375,1466600
2025-03-13,311.9825439453125,314.7900085449219,317.2799987792969,311.260009765625,312.82000732421875,957100
2025-03-14,316.5415344238281,319.3900146484375,321.5,313.2099914550781,315.8399963378906,1041800
2025-03-17,326.2660827636719,328.4599914550781,329.94000244140625,316.2900085449219,318.0899963378906,1104300
2025-03-18,327.9547424316406,330.1600036621094,332.6199951171875,327.32000732421875,328.5299987792969,1009700
2025-03-19,331.9479064941406,334.17999267578125,335.69000244140625,330.4700012207031,331.010009765625,1276200
2025-03-20,331.29229736328125,333.5199890136719,335.4800109863281,331.7799987792969,332.82000732421875,1671400
2025-03-21,326.5939025878906,328.7900085449219,332.1400146484375,325.3599853515625,331.9599914550781,3392400
2025-03-24,331.61016845703125,333.8399963378906,336.7900085449219,326.0299987792969,327.82000732421875,1423800
2025-03-25,334.2126770019531,336.4599914550781,342.739990234375,332.8900146484375,336.739990234375,1318000
2025-03-26,335.037109375,337.2900085449219,340.5,332.8399963378906,337.0,1191800
2025-03-27,340.05340576171875,342.3399963378906,343.6600036621094,333.6099853515625,337.94000244140625,1326100
2025-03-28,339.87457275390625,342.1600036621094,344.9700012207031,340.6499938964844,343.0,1114500
2025-03-31,343.241943359375,345.54998779296875,348.44000244140625,339.6300048828125,341.19000244140625,1571800
2025-04-01,343.4207763671875,345.7300109863281,347.9800109863281,342.760009765625,346.79998779296875,1226300
2025-04-02,344.7120666503906,347.0299987792969,348.54998779296875,342.04998779296875,343.9200134277344,1249400
2025-04-03,346.8079833984375,349.1400146484375,353.3500061035156,345.1199951171875,346.3500061035156,1946900
2025-04-04,329.43475341796875,331.6499938964844,348.6600036621094,330.2799987792969,346.5,2518300
2025-04-07,327.42828369140625,329.6300048828125,335.3999938964844,318.4599914550781,326.25,1999100
2025-04-08,329.9612731933594,332.17999267578125,345.9700012207031,328.0400085449219,339.8999938964844,2058700
2025-04-09,336.2688293457031,338.5299987792969,344.7900085449219,322.0400085449219,326.8999938964844,2909100
2025-04-10,332.75250244140625,334.989990234375,342.1700134277344,324.3999938964844,340.2799987792969,2134700
2025-04-11,331.143310546875,333.3699951171875,336.5400085449219,324.4599914550781,334.4100036621094,1677500
2025-04-14,338.3448791503906,340.6199951171875,341.1600036621094,332.5299987792969,336.489990234375,1172400
2025-04-15,333.3087463378906,335.54998779296875,341.3900146484375,335.260009765625,337.7300109863281,1011400
2025-04-16,328.7891540527344,331.0,337.3299865722656,329.1499938964844,336.55999755859375,1194600
2025-04-17,332.7723693847656,335.010009765625,338.7799987792969,331.07000732421875,336.3500061035156,1830600
2025-04-21,315.4885559082031,317.6099853515625,334.92999267578125,314.42999267578125,334.92999267578125,1650300
2025-04-22,322.4517517089844,324.6199951171875,324.9200134277344,317.5400085449219,320.2900085449219,1432800
2025-04-23,333.73590087890625,335.9800109863281,338.0199890136719,328.0,328.6300048828125,1402100
2025-04-24,339.1296081542969,341.4100036621094,342.9800109863281,335.9700012207031,337.6199951171875,2272300
2025-04-25,325.729736328125,327.9200134277344,350.25,321.3900146484375,350.25,2803600
2025-04-28,329.80230712890625,332.0199890136719,333.0799865722656,326.1400146484375,327.04998779296875,1528100
2025-04-29,338.3051452636719,340.5799865722656,343.6000061035156,329.7200012207031,331.3299865722656,1416600
2025-04-30,342.77508544921875,345.0799865722656,346.0899963378906,335.1099853515625,340.1600036621094,1330400
2025-05-01,340.7487487792969,343.0400085449219,348.1400146484375,340.9599914550781,344.0,1148000
2025-05-02,345.64581298828125,347.9700012207031,348.8999938964844,344.6400146484375,346.80999755859375,802300
2025-05-05,347.04638671875,349.3800048828125,351.1499938964844,344.2200012207031,348.4700012207031,789900
2025-05-06,354.3175048828125,356.70001220703125,360.94000244140625,346.2099914550781,349.6000061035156,1587000
2025-05-07,358.56890869140625,360.9800109863281,363.510009765625,350.1700134277344,356.1499938964844,1984400
2025-05-08,351.55609130859375,353.9200134277344,363.9599914550781,353.70001220703125,358.69000244140625,1224500
2025-05-09,351.3375244140625,353.70001220703125,356.92999267578125,352.3699951171875,354.0,979500
2025-05-12,360.8535461425781,363.2799987792969,373.3699951171875,354.760009765625,355.05999755859375,1679400
2025-05-13,365.6413879394531,368.1000061035156,372.94000244140625,361.45001220703125,362.45001220703125,2203500
2025-05-14,365.0453796386719,367.5,372.1000061035156,365.67999267578125,368.0,1798700
2025-05-15,382.9251403808594,385.5,385.69000244140625,366.760009765625,367.5,3047300
2025-05-16,384.9316101074219,387.5199890136719,388.0899963378906,380.9700012207031,386.4599914550781,1789700
2025-05-19,384.30584716796875,386.8900146484375,388.3800048828125,384.25,384.9800109863281,2041100
2025-05-20,383.471435546875,386.04998779296875,388.1199951171875,384.0,385.0299987792969,1361400
2025-05-21,379.259765625,381.80999755859375,386.7200012207031,381.0,382.3599853515625,1118200
2025-05-22,374.12432861328125,376.6400146484375,383.5299987792969,374.7099914550781,378.8800048828125,1250400
2025-05-23,374.0746154785156,376.5899963378906,377.4599914550781,373.6099853515625,374.55999755859375,1138200
2025-05-27,376.2798156738281,378.80999755859375,380.95001220703125,377.19000244140625,379.760009765625,996900
2025-05-28,375.91229248046875,378.44000244140625,382.3399963378906,376.95001220703125,376.9700012207031,921100
2025-05-29,376.120849609375,378.6499938964844,386.2099914550781,378.1700134277344,382.6099853515625,1449500
2025-05-30,378.84259033203125,381.3900146484375,384.69000244140625,375.010009765625,377.6199951171875,2556400
2025-06-02,379.6074523925781,382.1600036621094,382.2099914550781,377.6700134277344,380.2799987792969,1066900
2025-06-03,380.50140380859375,383.05999755859375,384.7900085449219,378.8900146484375,381.489990234375,1220800
2025-06-04,379.11077880859375,381.6600036621094,386.239990234375,381.4599914550781,385.1099853515625,943000
2025-06-05,378.95184326171875,381.5,384.2900085449219,379.239990234375,382.8399963378906,1058700
2025-06-06,381.7728576660156,384.3399963378906,386.55999755859375,380.7300109863281,381.3500061035156,619600
2025-06-09,370.5185546875,373.010009765625,381.8699951171875,356.25,381.8699951171875,2014600
2025-06-10,362.4825744628906,364.9200134277344,369.0899963378906,358.19000244140625,367.1000061035156,1915000
2025-06-11,365.1347351074219,367.5899963378906,370.510009765625,363.95001220703125,365.54998779296875,1026700
2025-06-12,369.1875,371.6700134277344,371.6700134277344,366.1499938964844,368.04998779296875,787900
2025-06-13,368.70074462890625,371.17999267578125,374.80999755859375,367.80999755859375,369.1199951171875,872300
2025-06-16,366.8396301269531,368.5899963378906,374.07000732421875,350.739990234375,371.6199951171875,2140000
2025-06-17,370.68133544921875,372.45001220703125,372.6400146484375,361.2900085449219,364.9700012207031,1334100
2025-06-18,375.07037353515625,376.8599853515625,380.55999755859375,370.8800048828125,372.510009765625,1374300
2025-06-20,375.7073669433594,377.5,379.3599853515625,373.7300109863281,375.7200012207031,4238400
2025-06-23,376.9215393066406,378.7200012207031,380.6400146484375,372.3299865722656,378.9599914550781,1098000
2025-06-24,377.2201232910156,379.0199890136719,379.2300109863281,373.0299987792969,378.92999267578125,1105100
2025-06-25,372.4130554199219,374.19000244140625,378.3299865722656,369.8900146484375,377.32000732421875,1294200
2025-06-26,375.8665771484375,377.6600036621094,388.5899963378906,376.2699890136719,379.3500061035156,1838000
2025-06-27,377.4988098144531,379.29998779296875,383.8999938964844,376.2099914550781,378.5,1554900
2025-06-30,381.2807312011719,383.1000061035156,383.3900146484375,375.0,376.3900146484375,1172500
2025-07-01,387.6802062988281,389.5299987792969,391.010009765625,381.0400085449219,384.0899963378906,1299900
2025-07-02,376.2447814941406,378.0400085449219,386.9800109863281,377.4200134277344,386.9800109863281,1297300
2025-07-03,374.79168701171875,376.5799865722656,381.17999267578125,371.2200012207031,379.1600036621094,943100
2025-07-07,377.1803283691406,378.9800109863281,378.9800109863281,374.9599914550781,377.0899963378906,1369700
2025-07-08,375.806884765625,377.6000061035156,382.54998779296875,375.79998779296875,376.69000244140625,1098700
2025-07-09,376.64288330078125,378.44000244140625,379.0,375.0299987792969,379.0,1217700
2025-07-10,376.5234680175781,378.32000732421875,381.2900085449219,368.4200134277344,376.760009765625,1584400
2025-07-11,374.28411865234375,376.07000732421875,377.1300048828125,373.4700012207031,375.2099914550781,877100
2025-07-14,378.6433410644531,380.45001220703125,381.4800109863281,374.6700134277344,375.92999267578125,935600
2025-07-15,370.0343933105469,371.79998779296875,383.0,368.6499938964844,379.5400085449219,1304400
2025-07-16,360.85821533203125,362.5799865722656,365.82000732421875,354.94000244140625,365.82000732421875,2004800
2025-07-17,360.87811279296875,362.6000061035156,365.510009765625,358.05999755859375,361.510009765625,1226100
2025-07-18,359.4051208496094,361.1199951171875,364.8599853515625,359.54998779296875,363.5199890136719,1029800
2025-07-21,362.8188171386719,364.54998779296875,366.1600036621094,359.3399963378906,361.5,1145300
2025-07-22,349.3033447265625,350.9700012207031,374.17999267578125,345.4800109863281,369.05999755859375,2985800
2025-07-23,351.5924072265625,353.2699890136719,357.07000732421875,350.1499938964844,352.9800109863281,1237000
2025-07-24,339.8583984375,341.4800109863281,352.0400085449219,340.3500061035156,350.07000732421875,2404800
2025-07-25,332.732421875,334.32000732421875,345.0,330.0,335.9700012207031,3175900
2025-07-28,338.9228515625,340.5400085449219,341.19000244140625,331.6099853515625,332.0799865722656,1869500
2025-07-29,342.86407470703125,344.5,348.4200134277344,339.82000732421875,341.1199951171875,1879300
2025-07-30,353.3739013671875,355.05999755859375,355.489990234375,342.7099914550781,344.239990234375,2389900
2025-07-31,352.3089599609375,353.989990234375,358.67999267578125,353.1300048828125,353.75,1462700
2025-08-01,355.27484130859375,356.9700012207031,358.4599914550781,353.3900146484375,355.7900085449219,1369800
2025-08-04,361.47528076171875,363.20001220703125,364.7699890136719,355.0299987792969,356.7300109863281,1078300
2025-08-05,362.0823669433594,363.80999755859375,367.4200134277344,361.4200134277344,364.2099914550781,1106100
2025-08-06,364.4112243652344,366.1499938964844,370.1300048828125,363.989990234375,363.989990234375,1125200
2025-08-07,371.55712890625,373.3299865722656,373.3299865722656,365.29998779296875,366.54998779296875,1136800
2025-08-08,379.7978515625,381.6099853515625,382.0799865722656,373.05999755859375,374.25,1016100
2025-08-11,381.0916442871094,382.9100036621094,384.82000732421875,378.5400085449219,381.760009765625,991600
2025-08-12,388.45648193359375,390.30999755859375,390.8500061035156,383.25,385.0,1089900
2025-08-13,388.60577392578125,390.4599914550781,392.75,388.70001220703125,390.739990234375,1416100
2025-08-14,391.7806396484375,393.6499938964844,395.19000244140625,388.79998779296875,390.3500061035156,912000
2025-08-15,393.9104919433594,395.7900085449219,395.989990234375,386.45001220703125,393.6000061035156,1251400
2025-08-18,391.75079345703125,393.6199951171875,397.3999938964844,393.32000732421875,395.75,1016100
2025-08-19,400.7777404785156,402.69000244140625,405.1499938964844,392.9599914550781,394.25,1502100
2025-08-20,408.2321472167969,410.17999267578125,411.0,399.95001220703125,403.45001220703125,1639500
2025-08-21,402.34027099609375,404.260009765625,412.0,404.1199951171875,412.0,1198700
2025-08-22,403.0469055175781,404.9700012207031,407.7699890136719,401.2300109863281,403.95001220703125,1081200
2025-08-25,400.8573303222656,402.7699890136719,406.19000244140625,401.3599853515625,404.9200134277344,805500
2025-08-26,400.0511474609375,401.9599914550781,403.0,399.7099914550781,401.0899963378906,1180600
2025-08-27,403.1264953613281,405.04998779296875,406.8699951171875,398.82000732421875,401.7699890136719,702200
2025-08-28,405.3459167480469,407.2799987792969,408.1700134277344,400.7799987792969,404.75,965400
2025-08-29,402.04168701171875,403.9599914550781,408.9800109863281,400.82000732421875,407.67999267578125,996400
2025-09-02,404.21136474609375,406.1400146484375,408.4800109863281,400.1300048828125,401.6600036621094,955600
2025-09-03,405.67431640625,407.6099853515625,408.07000732421875,403.2699890136719,405.44000244140625,651700
2025-09-04,409.6354675292969,411.5899963378906,417.20001220703125,407.6000061035156,410.0,1714800
2025-09-05,418.7718505859375,420.7699890136719,420.9800109863281,409.1600036621094,411.9800109863281,1059800
2025-09-08,416.1145324707031,418.1000061035156,418.8399963378906,406.69000244140625,418.8399963378906,1472900
2025-09-09,411.43682861328125,413.3999938964844,416.2300109863281,400.30999755859375,415.79998779296875,1084100
2025-09-10,392.4872741699219,394.3599853515625,415.3900146484375,385.5899963378906,415.17999267578125,2014000
2025-09-11,400.93695068359375,402.8500061035156,404.1700134277344,392.6300048828125,395.7699890136719,1295300
2025-09-12,403.2061462402344,405.1300048828125,406.3800048828125,399.6400146484375,400.57000732421875,761200
2025-09-15,401.2554626464844,403.1700134277344,406.6099853515625,400.0199890136719,403.80999755859375,897500
2025-09-16,398.5634765625,399.75,406.2300109863281,398.9800109863281,403.739990234375,1319800
2025-09-17,398.20452880859375,399.3900146484375,405.1600036621094,390.3399963378906,401.7300109863281,1250000
2025-09-18,399.86956787109375,401.05999755859375,402.3900146484375,390.1000061035156,396.70001220703125,1337800
2025-09-19,401.10589599609375,402.29998779296875,403.6700134277344,396.8999938964844,401.4800109863281,4308500
2025-09-22,406.0312194824219,407.239990234375,409.1400146484375,400.92999267578125,402.44000244140625,1010600
2025-09-23,408.23468017578125,409.45001220703125,413.54998779296875,406.0899963378906,408.8599853515625,801600
2025-09-24,415.3833923339844,416.6199951171875,417.20001220703125,407.19000244140625,407.19000244140625,978600
2025-09-25,413.6585388183594,414.8900146484375,418.3500061035156,409.0,418.3500061035156,667300
2025-09-26,417.8360900878906,419.0799865722656,422.4599914550781,414.05999755859375,417.70001220703125,1184900
2025-09-29,419.670654296875,420.9200134277344,422.9599914550781,415.92999267578125,419.3500061035156,894800
2025-09-30,424.93499755859375,426.20001220703125,429.44000244140625,419.0799865722656,421.260009765625,1591800
2025-10-01,424.80535888671875,426.07000732421875,428.5400085449219,420.4599914550781,426.32000732421875,1371900
2025-10-02,425.42352294921875,426.69000244140625,427.42999267578125,420.4100036621094,423.8900146484375,865200
2025-10-03,428.2650451660156,429.5400085449219,432.3599853515625,425.80999755859375,426.8900146484375,988400
2025-10-06,432.26312255859375,433.54998779296875,435.0299987792969,425.7099914550781,427.19000244140625,960400
2025-10-07,436.2712097167969,437.57000732421875,439.010009765625,432.739990234375,435.0,1252400
2025-10-08,425.0047302246094,426.2699890136719,436.75,425.7699890136719,436.75,1485100
2025-10-09,417.626708984375,418.8699951171875,428.32000732421875,417.8699951171875,427.489990234375,1245300
2025-10-10,413.9078063964844,415.1400146484375,421.489990234375,409.5,419.8999938964844,1638400
2025-10-13,409.4610290527344,410.67999267578125,416.5,410.3699951171875,416.25,1067200
2025-10-14,417.1581115722656,418.3999938964844,420.5799865722656,407.70001220703125,410.0,1523000
2025-10-15,419.00262451171875,420.25,421.4100036621094,414.8999938964844,418.44000244140625,1260800
2025-10-16,418.35455322265625,419.6000061035156,421.6099853515625,416.9800109863281,420.45001220703125,1004700
2025-10-17,424.8950500488281,426.1600036621094,426.6499938964844,417.989990234375,420.94000244140625,1034500
2025-10-20,431.86431884765625,433.1499938964844,436.260009765625,424.5199890136719,426.9800109863281,878400
2025-10-21,430.72772216796875,432.010009765625,434.9700012207031,430.1099853515625,433.7099914550781,1082700
2025-10-22,439.8804626464844,441.19000244140625,443.4100036621094,432.3900146484375,434.70001220703125,1522700
2025-10-23,438.853515625,440.1600036621094,447.0899963378906,439.0199890136719,439.0199890136719,1928600
2025-10-24,445.7131042480469,447.0400085449219,461.55999755859375,424.0,457.1300048828125,2847200
2025-10-27,466.4712829589844,467.8599853515625,469.17999267578125,448.79998779296875,450.260009765625,1789500
2025-10-28,465.075439453125,466.4599914550781,467.0400085449219,454.4599914550781,466.3299865722656,1493700
2025-10-29,467.00970458984375,468.3999938964844,475.3800048828125,460.5400085449219,464.79998779296875,1564900
2025-10-30,465.4144592285156,466.79998779296875,478.19000244140625,464.5899963378906,468.0,1513900
2025-10-31,458.3155822753906,459.67999267578125,466.1099853515625,455.94000244140625,465.3900146484375,1511200
2025-11-03,460.19000244140625,461.55999755859375,461.6099853515625,450.0,457.4100036621094,1269800
2025-11-04,470.2799377441406,471.67999267578125,474.2300109863281,459.5400085449219,462.5,1490400
2025-11-05,471.79547119140625,473.20001220703125,477.92999267578125,465.7699890136719,471.07000732421875,1097000
2025-11-06,469.9609069824219,471.3599853515625,475.25,468.7200012207031,471.94000244140625,836700
2025-11-07,475.1953125,476.6099853515625,478.8800048828125,470.0,471.30999755859375,1186300
2025-11-10,457.93670654296875,459.29998779296875,460.1000061035156,443.8699951171875,455.0199890136719,1716500
2025-11-11,460.9377746582031,462.30999755859375,469.57000732421875,458.19000244140625,461.6000061035156,1347900
2025-11-12,472.2042236328125,473.6099853515625,479.42999267578125,459.9599914550781,462.0,1411800
2025-11-13,471.8752136230469,473.2799987792969,476.9700012207031,465.6000061035156,469.7900085449219,1253100
2025-11-14,471.2470703125,472.6499938964844,480.0,470.5899963378906,475.80999755859375,1000700
2025-11-17,475.6838684082031,477.1000061035156,477.3900146484375,469.0799865722656,475.0,1183800
2025-11-18,476.7207946777344,478.1400146484375,479.0,471.04998779296875,476.2799987792969,1119800
2025-11-19,479.63214111328125,481.05999755859375,484.30999755859375,467.260009765625,478.0,1217000
2025-11-20,474.8663024902344,476.2799987792969,485.739990234375,476.0,482.0,1149700
2025-11-21,489.5426330566406,491.0,493.79998779296875,477.0,479.80999755859375,1937800
2025-11-24,499.5528259277344,501.0400085449219,512.6599731445312,493.1400146484375,501.260009765625,3187300
2025-11-25,514.31884765625,515.8499755859375,517.4000244140625,501.1199951171875,501.29998779296875,1240900
2025-11-26,513.2320556640625,514.760009765625,520.0,514.3300170898438,515.219970703125,1056200
2025-11-28,506.78131103515625,508.2900085449219,513.8599853515625,507.8399963378906,512.0,534700
2025-12-01,501.5069885253906,503.0,512.1699829101562,502.3999938964844,506.3800048828125,1144400
2025-12-02,498.8249816894531,500.30999755859375,508.2799987792969,497.30999755859375,506.44000244140625,1198900
2025-12-03,485.3251647949219,486.7699890136719,501.739990234375,485.45001220703125,500.6400146484375,2025000
2025-12-04,486.2125549316406,487.6600036621094,491.55999755859375,483.3900146484375,485.45001220703125,1633400
2025-12-05,485.25537109375,486.70001220703125,491.1400146484375,483.739990234375,489.1300048828125,947300
2025-12-08,483.7099914550781,485.1499938964844,490.07000732421875,483.25,486.70001220703125,1083200
2025-12-09,487.050048828125,488.5,491.239990234375,482.3299865722656,485.9700012207031,994200
2025-12-10,467.3387451171875,468.7300109863281,488.0299987792969,466.2200012207031,487.19000244140625,2229200
2025-12-11,480.9183044433594,482.3500061035156,482.5899963378906,468.7300109863281,470.95001220703125,996400
2025-12-12,483.3310852050781,484.7699890136719,485.20001220703125,478.6700134277344,483.010009765625,856300
2025-12-15,476.2716064453125,476.9800109863281,477.05999755859375,470.0,474.92999267578125,1420400
2025-12-16,469.09228515625,469.7900085449219,480.8699951171875,463.94000244140625,477.94000244140625,1436100
2025-12-17,471.14923095703125,471.8500061035156,471.989990234375,461.0,468.3299865722656,1206500
2025-12-18,465.8670654296875,466.55999755859375,477.7900085449219,465.3399963378906,473.4700012207031,1410200
2025-12-19,472.2775573730469,472.9800109863281,473.29998779296875,464.0899963378906,467.510009765625,4262500
2025-12-22,471.3289489746094,472.0299987792969,474.0400085449219,462.3399963378906,471.0199890136719,1346200
2025-12-23,473.3359680175781,474.0400085449219,475.45001220703125,468.1000061035156,470.0299987792969,660400
2025-12-24,473.3559265136719,474.05999755859375,476.2200012207031,471.0,474.5799865722656,254200
2025-12-26,476.42138671875,477.1300048828125,478.9100036621094,472.0,474.3699951171875,437800
2025-12-29,473.31597900390625,474.0199890136719,477.489990234375,468.8399963378906,477.489990234375,795000
2025-12-30,472.55712890625,473.260009765625,474.5,471.010009765625,472.3699951171875,494100
2025-12-31,466.1666259765625,466.8599853515625,471.8500061035156,466.0799865722656,471.8500061035156,589800
2026-01-02,469.69140625,470.3900146484375,470.5400085449219,462.7699890136719,465.79998779296875,531600
2026-01-05,477.1203308105469,477.8299865722656,478.2699890136719,465.010009765625,468.010009765625,1168500
2026-01-06,482.88177490234375,483.6000061035156,488.6099853515625,473.010009765625,477.010009765625,1161300
2026-01-07,469.95098876953125,470.6499938964844,484.1300048828125,470.0,483.29998779296875,1244500
2026-01-08,478.3085632324219,479.0199890136719,480.80999755859375,468.510009765625,471.9599914550781,949000
2026-01-09,471.368896484375,472.07000732421875,483.9800109863281,470.29998779296875,480.9200134277344,870100
2026-01-12,473.6155700683594,474.32000732421875,474.5199890136719,466.010009765625,468.8900146484375,737700
2026-01-13,478.6081237792969,479.32000732421875,479.42999267578125,468.0,475.0,875900
2026-01-14,478.12884521484375,478.8399963378906,481.989990234375,473.6000061035156,481.2799987792969,869500
2026-01-15,483.0814514160156,483.79998779296875,487.0899963378906,476.7200012207031,478.7699890136719,1079500
2026-01-16,468.5930480957031,469.2900085449219,482.82000732421875,468.8399963378906,482.6000061035156,1185900
2026-01-20,463.6903076171875,464.3800048828125,468.1400146484375,461.44000244140625,466.0,1263000
2026-01-21,464.7487487792969,465.44000244140625,470.2200012207031,462.9100036621094,465.9800109863281,1038800
2026-01-22,465.64739990234375,466.3399963378906,469.0400085449219,461.8500061035156,464.9100036621094,954100
2026-01-23,470.1806640625,470.8800048828125,471.0,463.6499938964844,463.9800109863281,722200
2026-01-26,471.6784362792969,472.3800048828125,478.8599853515625,468.510009765625,471.4800109863281,1309100
2026-01-27,505.0887451171875,505.8399963378906,527.5499877929688,496.010009765625,505.0,3082200
2026-01-28,490.5004577636719,491.2300109863281,500.92999267578125,480.4700012207031,499.6000061035156,1957800
2026-01-29,481.8133544921875,482.5299987792969,492.3800048828125,479.739990234375,492.0799865722656,1027300
2026-01-30,487.5448303222656,488.2699890136719,488.760009765625,480.2799987792969,481.17999267578125,954500
2026-02-02,496.1120910644531,496.8500061035156,500.1600036621094,488.5199890136719,489.5799865722656,958500
2026-02-03,498.46856689453125,499.2099914550781,505.30999755859375,495.8999938964844,496.9800109863281,951900
2026-02-04,492.9068908691406,493.6400146484375,503.739990234375,492.9599914550781,496.57000732421875,941300
2026-02-05,512.9970092773438,513.760009765625,517.6699829101562,494.6000061035156,495.0,1462100
2026-02-06,500.9449157714844,501.69000244140625,516.0,499.67999267578125,514.0,939500
2026-02-09,496.80108642578125,497.5400085449219,505.0,495.92999267578125,500.44000244140625,597700
2026-02-10,501.3043518066406,502.04998779296875,503.95001220703125,495.0,498.2200012207031,777300
2026-02-11,530.6806640625,531.469970703125,534.5900268554688,496.75,501.1400146484375,2393600
2026-02-12,534.425048828125,535.219970703125,552.9000244140625,529.8599853515625,532.0,1657100
2026-02-13,539.487548828125,540.2899780273438,545.4600219726562,531.1699829101562,535.0,1076700
2026-02-17,533.9857788085938,534.780029296875,549.4500122070312,533.25,544.6599731445312,960200
2026-02-18,534.2254028320312,535.02001953125,535.7999877929688,530.0,533.0,802600
2026-02-19,527.8748168945312,528.6599731445312,533.989990234375,523.1699829101562,531.0,813700
2026-02-20,531.5094604492188,532.2999877929688,533.9099731445312,526.6900024414062,530.0800170898438,874900
2026-02-23,535.1739501953125,535.969970703125,547.0499877929688,533.6500244140625,535.0,1411800
2026-02-24,525.738037109375,526.52001953125,536.1599731445312,522.0499877929688,535.260009765625,1366800
2026-02-25,539.7671508789062,540.5700073242188,541.3400268554688,527.0,527.0,929400
2026-02-26,525.0989990234375,525.8800048828125,540.0,524.5800170898438,536.52001953125,1062200
2026-02-27,528.913330078125,529.7000122070312,532.6900024414062,523.0999755859375,525.72998046875,2291500
2026-03-02,532.1284790039062,532.9199829101562,536.969970703125,525.3599853515625,530.0,816400
2026-03-03,540.9953002929688,541.7999877929688,542.3200073242188,524.0999755859375,527.2000122070312,797500
2026-03-04,543.6014404296875,544.4099731445312,547.4299926757812,536.6400146484375,539.75,930600
2026-03-05,533.6762084960938,534.469970703125,539.6400146484375,526.6400146484375,537.780029296875,1097200
2026-03-06,532.0186767578125,532.8099975585938,533.719970703125,522.489990234375,530.969970703125,753100
2026-03-09,544.3203735351562,545.1300048828125,546.0499877929688,526.0499877929688,530.9199829101562,1462100
2026-03-10,536.841552734375,537.6400146484375,544.969970703125,530.0,543.8900146484375,851800
2026-03-11,536.4820556640625,537.280029296875,540.1099853515625,532.47998046875,535.780029296875,997000
2026-03-12,531.7890625,532.5800170898438,556.52001953125,531.4199829101562,538.0,1515000
2026-03-13,532.1784057617188,532.969970703125,541.780029296875,532.77001953125,534.7100219726562,926300
2026-03-16,524.4100341796875,525.1900024414062,537.3800048828125,524.8699951171875,537.3800048828125,852400
2026-03-17,509.8699951171875,509.8699951171875,529.7999877929688,500.20001220703125,525.1900024414062,1506800
2026-03-18,502.04998779296875,502.04998779296875,513.97998046875,498.760009765625,510.0,977200
2026-03-19,499.6499938964844,499.6499938964844,506.510009765625,495.30999755859375,502.0,1168200
2026-03-20,493.8800048828125,493.8800048828125,501.8399963378906,490.5799865722656,500.1000061035156,2120700
2026-03-23,494.5799865722656,494.5799865722656,502.1199951171875,493.6000061035156,500.29998779296875,1276400
2026-03-24,485.7200012207031,485.7200012207031,493.2300109863281,474.7699890136719,490.0,1368200
2026-03-25,484.0199890136719,484.0199890136719,488.6400146484375,477.9700012207031,484.1400146484375,928500
2026-03-26,480.32000732421875,480.32000732421875,488.5,478.57000732421875,482.94000244140625,625800
2026-03-27,471.8500061035156,471.8500061035156,481.44000244140625,468.70001220703125,480.0400085449219,801800
2026-03-30,467.8299865722656,467.8299865722656,476.75,467.2900085449219,475.2799987792969,890900
2026-03-31,473.239990234375,473.239990234375,474.7099914550781,461.8800048828125,472.0299987792969,981600
2026-04-01,474.75,474.75,477.8900146484375,470.0799865722656,473.1000061035156,699500
