Ticker,Sector,Rows,Valid_Forward_Rows,Valid_Backward_Rows,Valid_Analysis_Rows,Total_Return,Mean_Weekly_Return,Weekly_Volatility,Max_Drawdown,Positive_Week_Rate,Target_Hit_5d_Rate,Target_Before_Stop_5d_Rate,Median_Max_Forward_Return_5d,Median_Min_Forward_Drawdown_5d
VRSN,Technology,323,319,273,269,0.33617737512232715,0.0049495343141736665,0.03617575124548766,-0.30881104026558803,0.5970149253731343,0.677115987460815,0.5360501567398119,0.022086041118841715,-0.0163752363721974
DGX,Healthcare,323,319,273,269,0.291865365653474,0.004158024964014923,0.029448694505083955,-0.09805042896750304,0.5671641791044776,0.677115987460815,0.5329153605015674,0.023501900635335415,-0.017520578661746833
LOGI,Technology,323,319,273,269,0.23824102270520542,0.004405331100548086,0.05251334502293155,-0.3758804376684408,0.5970149253731343,0.670846394984326,0.5297805642633229,0.0272108694878217,-0.018808490174550108
CBOE,Financial,323,319,273,269,0.5268784296155351,0.006807550029896065,0.0277995681710112,-0.1032421030514371,0.6268656716417911,0.7021943573667712,0.5297805642633229,0.024251020988987237,-0.01961553519099324
MTB,Financial,323,319,273,269,0.1593365402232252,0.0025770078824934625,0.03437887327488141,-0.22477470470752303,0.582089552238806,0.6614420062695925,0.5297805642633229,0.02120217126035029,-0.019305434298418578
KLAC,Technology,323,319,273,269,1.813986295036941,0.016795725672611145,0.059344183479386886,-0.2586062450306852,0.6268656716417911,0.8589341692789969,0.5297805642633229,0.04245533129928547,-0.027447729164755463
ALLE,Industrial,323,319,273,269,0.12232686394200543,0.0020634859337181764,0.03258980984323832,-0.22456477396969654,0.582089552238806,0.6551724137931034,0.5266457680250783,0.021093364910113932,-0.016631688219913898
UBSI,Financial,323,319,273,269,0.19573433641468307,0.0030658004020479215,0.032102572677044604,-0.1978609719172424,0.5522388059701493,0.6551724137931034,0.5235109717868338,0.02335092404014083,-0.01862827665049982
MLI,Industrial,323,319,273,269,0.5317947085323571,0.006943106412134831,0.03872615924056158,-0.22575077017530387,0.5970149253731343,0.7460815047021944,0.5235109717868338,0.02805338479388908,-0.019157087842611165
SSB,Financial,323,319,273,269,0.030206188713152393,0.0010142259649867427,0.035666364587724195,-0.25606946389999874,0.5671641791044776,0.6990595611285266,0.5203761755485894,0.025203759416153382,-0.024611525621077046
NOC,Industrial,323,319,273,269,0.42146534451000517,0.005968367284721373,0.0376195042228527,-0.1556098828180149,0.5671641791044776,0.6677115987460815,0.5109717868338558,0.02355928541352914,-0.018503745367779323
HXL,Industrial,323,319,273,269,0.4362460069902785,0.006131717962533869,0.045200591086695247,-0.32819352046521066,0.6119402985074627,0.7429467084639498,0.5109717868338558,0.03165384373799762,-0.02434822391360636
REGN,Healthcare,323,319,273,269,0.04946937843375565,0.0019784988399968425,0.05130868657970605,-0.3514359031720531,0.5223880597014925,0.7429467084639498,0.5109717868338558,0.032005720857393394,-0.0291367347777578
MCK,Healthcare,323,319,273,269,0.5301389436103132,0.006578917483051086,0.0323522857606842,-0.13967199327423463,0.6417910447761194,0.6677115987460815,0.5078369905956113,0.02257525083612033,-0.01887817536745151
CMI,Industrial,323,319,273,269,0.8040558138554987,0.009335474775734506,0.03975682554459901,-0.30810477361723143,0.6119402985074627,0.7241379310344828,0.5047021943573667,0.030699062143223266,-0.021191613597958292
KMT,Industrial,323,319,273,269,0.6420742786872844,0.008935892783964285,0.05526268965743135,-0.2893030511085961,0.5671641791044776,0.7617554858934169,0.5015673981191222,0.033168319355867615,-0.02406295433025485
IAC,Consumer,323,319,273,269,0.26906460311078684,0.004247000883261776,0.04321584842989683,-0.2435804693350324,0.5522388059701493,0.7554858934169278,0.49843260188087773,0.03290338230357448,-0.028299344640199786
VMC,Industrial,323,319,273,269,0.1414093324535215,0.002515632586757655,0.035577242308699054,-0.22202381326275467,0.5074626865671642,0.6551724137931034,0.49843260188087773,0.02284304908213497,-0.020786438768678583
MCO,Financial,323,319,273,269,-0.03698923604143822,0.000117276524999801,0.04165388393413898,-0.24793351995179014,0.5522388059701493,0.6489028213166145,0.49843260188087773,0.02076373825854816,-0.019860107905135593
YELP,Technology,323,319,273,269,-0.28487328507046406,-0.004044127585848125,0.04744239375025424,-0.5204848318388968,0.47761194029850745,0.6865203761755486,0.4952978056426332,0.025288060626334374,-0.02679692599372885
WAB,Industrial,323,319,273,269,0.3937132529813059,0.005540796986743527,0.037218269156422276,-0.2365386412145084,0.5223880597014925,0.664576802507837,0.4952978056426332,0.025680071373708868,-0.018030627039102964
JBHT,Industrial,323,319,273,269,0.4315420922884021,0.00605567533801366,0.04774337863409537,-0.3313856804262416,0.5223880597014925,0.7366771159874608,0.49216300940438873,0.031384446993991455,-0.024456338502536812
REG,Real Estate,323,319,273,269,0.12075891609557154,0.0018139307145614415,0.023731016717340507,-0.15770510475598642,0.5970149253731343,0.6175548589341693,0.49216300940438873,0.019375161962476906,-0.01544183290470258
BURL,Consumer,323,319,273,269,0.21504557242030886,0.003920304748910859,0.04861338201443744,-0.2653297298117294,0.5522388059701493,0.7836990595611285,0.4890282131661442,0.039280302918279775,-0.032354170719129605
HOPE,Financial,323,319,273,269,0.04590986742493586,0.0012128318314469466,0.03702074106431266,-0.2563265586385921,0.47761194029850745,0.6802507836990596,0.4890282131661442,0.023969318570004283,-0.02480158748930661
MSI,Technology,323,319,273,269,-0.037606469782228924,-0.00014383386548271404,0.032162113165702964,-0.2579441247591988,0.582089552238806,0.5956112852664577,0.48589341692789967,0.018904427122194978,-0.016189882387093735
ROK,Industrial,323,319,273,269,0.4800455313680574,0.006609533717380224,0.04156324688263313,-0.27911110709233544,0.6119402985074627,0.6896551724137931,0.48589341692789967,0.026888925057870328,-0.021685572601369163
HIW,Real Estate,323,319,273,269,-0.23157209448156635,-0.0033132720506888064,0.03650096331703416,-0.3655980026225458,0.5223880597014925,0.677115987460815,0.4827586206896552,0.02230740250034846,-0.02453155745639113
EWBC,Financial,323,319,273,269,0.24928543577918671,0.0041614649775693485,0.04444270425522951,-0.31642771363698974,0.5373134328358209,0.7021943573667712,0.4827586206896552,0.0262899356294235,-0.02264910894883365
WAL,Financial,323,319,273,269,-0.042340193867605014,0.0007157081164031456,0.05652620232537753,-0.35106382978723405,0.5522388059701493,0.7586206896551724,0.4827586206896552,0.03455076355865039,-0.030712069111533347
NTES,Technology,323,319,273,269,0.34685499169381884,0.005177572382635178,0.041193591766943836,-0.31429644378466237,0.4925373134328358,0.6959247648902821,0.47962382445141066,0.02705957717647256,-0.024213089783854724
ALNY,Healthcare,323,319,273,269,0.3254858750715195,0.005730861537499726,0.057303990926028336,-0.3757175951711129,0.5223880597014925,0.7899686520376176,0.47648902821316613,0.03533558072306575,-0.02778309573637816
FAF,Financial,323,319,273,269,0.06640815399715438,0.0017261241524245171,0.03912468531033652,-0.19238805059176778,0.5074626865671642,0.6865203761755486,0.4702194357366771,0.023783245890909077,-0.023724174535388554
DOV,Industrial,323,319,273,269,0.18007976753114785,0.0029362189823041785,0.036315816406055426,-0.26783895387222734,0.47761194029850745,0.6426332288401254,0.4702194357366771,0.021779756532187777,-0.02065893591324719
SF,Financial,323,319,273,269,0.16347873645064515,0.002903436597336881,0.0427872571855714,-0.349574860756254,0.582089552238806,0.670846394984326,0.4670846394984326,0.026236221975893148,-0.02540647460775003
NSA,Financial,323,319,273,269,0.15721917148450681,0.002997943763005148,0.04895975169155816,-0.3046223647249482,0.5223880597014925,0.6677115987460815,0.4670846394984326,0.023639378370037933,-0.02314813462593779
AGCO,Industrial,323,319,273,269,0.2988719926097392,0.005122935204273957,0.05303411944628526,-0.28981165142742393,0.5223880597014925,0.7398119122257053,0.4670846394984326,0.03272242291591643,-0.028654051691754057
EXR,Real Estate,323,319,273,269,-0.016442200325949008,0.00010374055293070679,0.03680255365684694,-0.21496774821029951,0.47761194029850745,0.6426332288401254,0.4670846394984326,0.021768101756680425,-0.01783671478723059
BWXT,Industrial,323,319,273,269,1.11499813131852,0.012398657625384224,0.05439952267450603,-0.3053090985543587,0.6268656716417911,0.799373040752351,0.46394984326018807,0.040358277609047866,-0.030648001199562458
WERN,Industrial,323,319,273,269,-0.08302834364185607,-0.000638203569590401,0.048521779090863665,-0.39445461952061334,0.47761194029850745,0.7492163009404389,0.46394984326018807,0.03388914231283091,-0.03134112950486867
PWR,Industrial,323,319,273,269,0.9077020756982963,0.010299504473183283,0.04793001765336067,-0.33885426494726745,0.582089552238806,0.8150470219435737,0.46394984326018807,0.03780319803591947,-0.02934908529838376
PNW,Industrial,323,319,273,269,0.23401736363735082,0.0033820437290611413,0.021578516308514557,-0.10017811514221753,0.582089552238806,0.5705329153605015,0.45768025078369906,0.017356743558606613,-0.015873008958461776
LPLA,Financial,323,319,273,269,-0.0322865742008861,0.0006420475627754677,0.05197408823316849,-0.28809526868930135,0.5522388059701493,0.7366771159874608,0.45454545454545453,0.030836293938035997,-0.03109456690295076
AVB,Real Estate,323,319,273,269,-0.1989220365671065,-0.0030194826841744263,0.02910833537508903,-0.2949403881638415,0.5074626865671642,0.5454545454545454,0.45454545454545453,0.015899819890196287,-0.016518556944242313
GGG,Industrial,323,319,273,269,0.038677950483942514,0.0008412870656280799,0.027519754153944313,-0.15444373007840395,0.5970149253731343,0.567398119122257,0.45141065830721006,0.018026465059418184,-0.017268126194563083
TRIN,Financial,323,319,273,269,0.10677621192850117,0.0018942707923886113,0.0308237315416709,-0.18297100426861412,0.5223880597014925,0.567398119122257,0.4482758620689655,0.01839682838756307,-0.01862072122508085
SBAC,Technology,323,319,273,269,0.11347308475922535,0.0024354661820922773,0.04477469569669158,-0.32148727182499015,0.43283582089552236,0.6081504702194357,0.4482758620689655,0.021509244367219127,-0.022719482846397576
MAA,Real Estate,323,319,273,269,-0.16088409905492995,-0.0025178045835988483,0.026350543858010313,-0.29458225493515866,0.5223880597014925,0.5454545454545454,0.445141065830721,0.016524369249349746,-0.018957659655416625
TXRH,Consumer,323,319,273,269,-0.08896244695739153,-0.0008179084562838522,0.03818378489908155,-0.20800799261163028,0.47761194029850745,0.6394984326018809,0.445141065830721,0.022665176177756097,-0.02544837576358372
ITW,Industrial,323,319,273,269,0.08890937525440967,0.0016138543089917864,0.03119648422722157,-0.2042771971726991,0.5223880597014925,0.5360501567398119,0.445141065830721,0.016988720007420133,-0.017232467518238814
BR,Financial,323,319,273,269,-0.2817528684310032,-0.0044265082438076815,0.03633911329432724,-0.4337742634686006,0.4925373134328358,0.5611285266457681,0.44200626959247646,0.017689475452256742,-0.021162308227822724
LAZ,Financial,323,319,273,269,-0.03350415267449436,0.0015369798344604176,0.05747658348970262,-0.3951846699447925,0.5522388059701493,0.7711598746081505,0.43573667711598746,0.04169973091083401,-0.03393366664506814
CALM,Consumer,323,319,273,269,-0.2748272227031371,-0.0040367658430494465,0.04518568136904241,-0.3920778766773335,0.47761194029850745,0.7335423197492164,0.42946708463949845,0.0339416182373351,-0.032875271252803984
SMG,Consumer,323,319,273,269,0.005022094592186166,0.0011077865347301095,0.05035103261318572,-0.3795366669501097,0.5223880597014925,0.7335423197492164,0.4231974921630094,0.03197028336606911,-0.03475024645706981
SLG,Real Estate,323,319,273,269,-0.36706638611142184,-0.005352143662670661,0.053023982208366016,-0.48332841108312974,0.4925373134328358,0.7115987460815048,0.4200626959247649,0.028011765359098106,-0.038867789902556016
ROP,Technology,323,319,273,269,-0.2945755698992686,-0.004668113923545832,0.03315342933054326,-0.4686347483596178,0.5223880597014925,0.5047021943573667,0.4200626959247649,0.015056801903302386,-0.018420740273032643
PAYC,Technology,323,319,273,269,-0.3697616477068253,-0.005653703751796487,0.05302705645502471,-0.5725038576236808,0.44776119402985076,0.6802507836990596,0.41379310344827586,0.02502765845618793,-0.03316416657342458
RPM,Industrial,323,319,273,269,-0.07923867523364625,-0.0007149823510656276,0.03814753175571298,-0.27340031851875457,0.417910447761194,0.5830721003134797,0.40752351097178685,0.019368554411577588,-0.022580675663825156
IT,Technology,323,319,273,269,-0.6800744899182118,-0.01474413877966135,0.06278224051807829,-0.7379189614117755,0.47761194029850745,0.6175548589341693,0.4012539184952978,0.01950215447791992,-0.033867723239447645
FVRR,Consumer,323,319,273,269,-0.6594881543175966,-0.013840325143242422,0.06823522839244385,-0.7166085767113608,0.417910447761194,0.7554858934169278,0.3981191222570533,0.0361625558153158,-0.0437835401085257
